{
  "_metadata": {
    "checkpoint": "../../Models/VisionConditionedASRv3/white/epoch_15",
    "epoch": 15,
    "noise_types": [
      "white",
      "pink",
      "babble"
    ],
    "snr_values": [
      -10.0,
      -5.0,
      0.0,
      5.0,
      10.0
    ],
    "num_runs": 3,
    "dataset_size": 24980,
    "test_description": "Unrelated vs Zero Vision Test: Comparing unrelated images with zero vision condition"
  },
  "white": {
    "white_snr-10.0": {
      "unrelated": {
        "wer_metrics": {
          "wer": 65.88907043881383,
          "mer": 62.72635220022362,
          "wil": 84.27510279118128
        },
        "num_samples": 24980,
        "all_runs_wer": [
          65.90147208861681,
          65.89495163356577,
          65.87078759425893
        ]
      },
      "zerovision": {
        "wer_metrics": {
          "wer": 63.12043408331352,
          "mer": 61.72897533298667,
          "wil": 82.83349903277133
        },
        "num_samples": 24980,
        "all_runs_wer": [
          63.14370315820158,
          63.10956665822843,
          63.108032433510544
        ]
      },
      "analysis": {
        "wer_diff_unrelated_vs_zero": 2.7686363555003126,
        "statistics": {
          "unrelated_vs_zero": {
            "mean_diff": 2.7686363555003175,
            "std_diff": 0.012016733418239799,
            "t_statistic": 325.83256588555474,
            "p_value": 9.419001957670182e-06,
            "significant_at_0.05": true,
            "significant_at_0.01": true
          }
        },
        "interpretation": "Negative Transfer: Unrelated images actively harm performance compared to no vision. The model may be misled by incorrect visual context."
      }
    },
    "white_snr-5.0": {
      "unrelated": {
        "wer_metrics": {
          "wer": 32.79622683001046,
          "mer": 31.917437207556475,
          "wil": 50.89328140619275
        },
        "num_samples": 24980,
        "all_runs_wer": [
          32.73421858099556,
          32.74802660345661,
          32.90643530557921
        ]
      },
      "zerovision": {
        "wer_metrics": {
          "wer": 30.387749727035853,
          "mer": 29.903425456193958,
          "wil": 47.798207034461946
        },
        "num_samples": 24980,
        "all_runs_wer": [
          30.414087251359707,
          30.406032571590764,
          30.34312935815709
        ]
      },
      "analysis": {
        "wer_diff_unrelated_vs_zero": 2.408477102974608,
        "statistics": {
          "unrelated_vs_zero": {
            "mean_diff": 2.4084771029746057,
            "std_diff": 0.1098437458147211,
            "t_statistic": 31.008601886510576,
            "p_value": 0.0010383858743553272,
            "significant_at_0.05": true,
            "significant_at_0.01": true
          }
        },
        "interpretation": "Negative Transfer: Unrelated images actively harm performance compared to no vision. The model may be misled by incorrect visual context."
      }
    },
    "white_snr0.0": {
      "unrelated": {
        "wer_metrics": {
          "wer": 15.819135362089817,
          "mer": 15.62882971274906,
          "wil": 26.735003189646985
        },
        "num_samples": 24980,
        "all_runs_wer": [
          15.811719942619995,
          15.830897751593675,
          15.814788392055783
        ]
      },
      "zerovision": {
        "wer_metrics": {
          "wer": 14.887988810387725,
          "mer": 14.752600171163488,
          "wil": 25.10405548221817
        },
        "num_samples": 24980,
        "all_runs_wer": [
          14.875459308524919,
          14.914198482651752,
          14.8743086399865
        ]
      },
      "analysis": {
        "wer_diff_unrelated_vs_zero": 0.931146551702092,
        "statistics": {
          "unrelated_vs_zero": {
            "mean_diff": 0.9311465517020938,
            "std_diff": 0.010359962145501257,
            "t_statistic": 127.10858046386495,
            "p_value": 6.188849826848603e-05,
            "significant_at_0.05": true,
            "significant_at_0.01": true
          }
        },
        "interpretation": "Semantic Assistance: Unrelated images provide no benefit over zero vision. Vision requires semantic relevance to be useful."
      }
    },
    "white_snr5.0": {
      "unrelated": {
        "wer_metrics": {
          "wer": 9.886032673872409,
          "mer": 9.802400990266191,
          "wil": 16.969661744517627
        },
        "num_samples": 24980,
        "all_runs_wer": [
          9.880023627060655,
          9.848188464164346,
          9.929885930392226
        ]
      },
      "zerovision": {
        "wer_metrics": {
          "wer": 9.678017372537889,
          "mer": 9.609206284273021,
          "wil": 16.441225479637396
        },
        "num_samples": 24980,
        "all_runs_wer": [
          9.659478823863331,
          9.689012649682798,
          9.685560644067536
        ]
      },
      "analysis": {
        "wer_diff_unrelated_vs_zero": 0.20801530133451962,
        "statistics": {
          "unrelated_vs_zero": {
            "mean_diff": 0.2080153013345208,
            "std_diff": 0.03587338336881531,
            "t_statistic": 8.200454841517239,
            "p_value": 0.014546767188360846,
            "significant_at_0.05": true,
            "significant_at_0.01": false
          }
        },
        "interpretation": "Semantic Assistance: Unrelated images provide no benefit over zero vision. Vision requires semantic relevance to be useful."
      }
    },
    "white_snr10.0": {
      "unrelated": {
        "wer_metrics": {
          "wer": 7.378086668354314,
          "mer": 7.324761413018244,
          "wil": 12.630295502963088
        },
        "num_samples": 24980,
        "all_runs_wer": [
          7.360059527919054,
          7.355840409944844,
          7.418360067199043
        ]
      },
      "zerovision": {
        "wer_metrics": {
          "wer": 7.505427319939552,
          "mer": 7.459694973720732,
          "wil": 12.67003805984549
        },
        "num_samples": 24980,
        "all_runs_wer": [
          7.478578387376398,
          7.524221572733758,
          7.513481999708498
        ]
      },
      "analysis": {
        "wer_diff_unrelated_vs_zero": -0.12734065158523844,
        "statistics": {
          "unrelated_vs_zero": {
            "mean_diff": -0.12734065158523786,
            "std_diff": 0.03055155988975049,
            "t_statistic": -5.8945231328003755,
            "p_value": 0.027595031454312753,
            "significant_at_0.05": true,
            "significant_at_0.01": false
          }
        },
        "interpretation": "Semantic Assistance: Unrelated images provide no benefit over zero vision. Vision requires semantic relevance to be useful."
      }
    }
  },
  "pink": {
    "pink_snr-10.0": {
      "unrelated": {
        "wer_metrics": {
          "wer": 70.60182521600605,
          "mer": 64.86411606018255,
          "wil": 85.68394978782653
        },
        "num_samples": 24980,
        "all_runs_wer": [
          70.46042083784012,
          70.69017098934481,
          70.65488382083323
        ]
      },
      "zerovision": {
        "wer_metrics": {
          "wer": 64.35075445500502,
          "mer": 61.90564158344836,
          "wil": 82.98322080331015
        },
        "num_samples": 24980,
        "all_runs_wer": [
          64.26061875282872,
          64.43590392684817,
          64.35574068533818
        ]
      },
      "analysis": {
        "wer_diff_unrelated_vs_zero": 6.251070761001031,
        "statistics": {
          "unrelated_vs_zero": {
            "mean_diff": 6.251070761001031,
            "std_diff": 0.04061874226870587,
            "t_statistic": 217.64211681099943,
            "p_value": 2.1110589700909292e-05,
            "significant_at_0.05": true,
            "significant_at_0.01": true
          }
        },