{
  "_metadata": {
    "eval_models": [
      "baseline",
      "vision"
    ],
    "checkpoint": "../../Models/VisionConditionedASRv3/pink/epoch_15",
    "baseline_checkpoint": "../../Models/wav2vec2-finetune/pink/epoch_15",
    "noise_types": [
      "white",
      "pink",
      "babble"
    ],
    "snr_values": [
      -10.0,
      -5.0,
      0.0,
      5.0,
      10.0
    ],
    "num_runs": 3,
    "dataset_size": 24980
  },
  "white": {
    "white_snr-10.0": {
      "baseline": {
        "wer_metrics": {
          "wer": 59.88411489297504,
          "mer": 58.25363320160907,
          "wil": 80.09094447653753
        },
        "num_samples": 24980,
        "all_runs_wer": [
          59.86468137988171,
          59.959803312391166,
          59.82785998665224
        ]
      },
      "vision": {
        "wer_metrics": {
          "wer": 56.95822050389054,
          "mer": 55.15896441663853,
          "wil": 77.0669899910679
        },
        "num_samples": 24980,
        "all_runs_wer": [
          57.0716252809549,
          56.86182005078284,
          56.941216179933875
        ]
      }
    },
    "white_snr-5.0": {
      "baseline": {
        "wer_metrics": {
          "wer": 27.898086566072664,
          "mer": 27.404756481722217,
          "wil": 44.38082629940859
        },
        "num_samples": 24980,
        "all_runs_wer": [
          27.869959112911268,
          27.897191601653894,
          27.927108983652836
        ]
      },
      "vision": {
        "wer_metrics": {
          "wer": 26.210950784628086,
          "mer": 25.745803741098666,
          "wil": 41.83970351478021
        },
        "num_samples": 24980,
        "all_runs_wer": [
          26.27129695686527,
          26.154695878305294,
          26.206859518713703
        ]
      }
    },
    "white_snr0.0": {
      "baseline": {
        "wer_metrics": {
          "wer": 13.997627065769658,
          "mer": 13.855129970222123,
          "wil": 23.636786014089534
        },
        "num_samples": 24980,
        "all_runs_wer": [
          13.989444533940887,
          13.953773809249842,
          14.049662854118242
        ]
      },
      "vision": {
        "wer_metrics": {
          "wer": 13.383042214193113,
          "mer": 13.253766344732115,
          "wil": 22.582055656379794
        },
        "num_samples": 24980,
        "all_runs_wer": [
          13.392631118679954,
          13.403370691705213,
          13.35312483219417
        ]
      }
    },
    "white_snr5.0": {
      "baseline": {
        "wer_metrics": {
          "wer": 8.729738644819307,
          "mer": 8.663545405365499,
          "wil": 14.870102670135992
        },
        "num_samples": 24980,
        "all_runs_wer": [
          8.730889313357727,
          8.72897153246036,
          8.729355088639833
        ]
      },
      "vision": {
        "wer_metrics": {
          "wer": 8.569795717978813,
          "mer": 8.507955819559122,
          "wil": 14.576367241585366
        },
        "num_samples": 24980,
        "all_runs_wer": [
          8.59395975728565,
          8.588206414593545,
          8.527220982057242
        ]
      }
    },
    "white_snr10.0": {
      "baseline": {
        "wer_metrics": {
          "wer": 6.469186375061689,
          "mer": 6.4273424317900565,
          "wil": 10.959940379181553
        },
        "num_samples": 24980,
        "all_runs_wer": [
          6.479030983668179,
          6.476346090411862,
          6.452182051105025
        ]
      },
      "vision": {
        "wer_metrics": {
          "wer": 6.38071274966311,
          "mer": 6.341493575559624,
          "wil": 10.790599951412661
        },
        "num_samples": 24980,
        "all_runs_wer": [
          6.367032579261885,
          6.434538466849239,
          6.340567202878206
        ]
      }
    }
  },
  "pink": {
    "pink_snr-10.0": {
      "baseline": {
        "wer_metrics": {
          "wer": 54.2760121408316,
          "mer": 52.14949809009254,
          "wil": 74.27026367191284
        },
        "num_samples": 24980,
        "all_runs_wer": [
          54.31615768761651,
          54.14585874393022,
          54.366019990948075
        ]
      },
      "vision": {
        "wer_metrics": {
          "wer": 51.48973220107549,
          "mer": 49.69588228976932,
          "wil": 71.35447448754597
        },
        "num_samples": 24980,
        "all_runs_wer": [
          51.53729316733022,
          51.46748594266602,
          51.46441749323023
        ]
      }
    },
    "pink_snr-5.0": {
      "baseline": {
        "wer_metrics": {
          "wer": 22.50132326881918,
          "mer": 22.088442926057485,
          "wil": 36.31940786855445
        },
        "num_samples": 24980,
        "all_runs_wer": [
          22.55693891484286,
          22.408119117207097,
          22.538911774407598
        ]
      },
      "vision": {
        "wer_metrics": {
          "wer": 21.469812850154828,
          "mer": 21.10302100735873,
          "wil": 34.63805953076217
        },
        "num_samples": 24980,
        "all_runs_wer": [
          21.428900191010978,
          21.40895526967835,
          21.57158308977516
        ]
      }
    },
    "pink_snr0.0": {
      "baseline": {
        "wer_metrics": {
          "wer": 10.404344924401075,
          "mer": 10.310696749352532,
          "wil": 17.601381510732093
        },
        "num_samples": 24980,
        "all_runs_wer": [
          10.402810699683181,
          10.420454283938968,
          10.389769789581079
        ]
      },
      "vision": {
        "wer_metrics": {
          "wer": 10.089956709292544,
          "mer": 10.00309322147139,
          "wil": 17.026092519875338
        },
        "num_samples": 24980,
        "all_runs_wer": [
          10.11859557069324,
          10.06873326736167,
          10.08254128982272
        ]
      }
    },
    "pink_snr5.0": {
      "baseline": {
        "wer_metrics": {
          "wer": 6.744196155744265,
          "mer": 6.699033560400676,
          "wil": 11.390731947620523
        },
        "num_samples": 24980,
        "all_runs_wer": [
          6.720287820557077,
          6.765931005914435,
          6.746369640761282
        ]
      },
      "vision": {
        "wer_metrics": {
          "wer": 6.598828363723769,
          "mer": 6.5566125316235615,
          "wil": 11.130140525443744
        },
        "num_samples": 24980,
        "all_runs_wer": [
          6.604070298176574,
          6.604070298176574,
          6.588344494818156
        ]
      }
    },
    "pink_snr10.0": {
      "baseline": {
        "wer_metrics": {
          "wer": 5.420032372141548,
          "mer": 5.3878423960989705,
          "wil": 9.08794244242356
        },
        "num_samples": 24980,
        "all_runs_wer": [
          5.431539057525756,
          5.4346075069615445,
          5.393950551937342
        ]
      },
      "vision": {
        "wer_metrics": {
          "wer": 5.315577239264901,
          "mer": 5.285014884303504,
          "wil": 8.888597091511192
        },
        "num_samples": 24980,
        "all_runs_wer": [
          5.308801080094201,
          5.355594933989981,
          5.2823357037105225
        ]
      }
    }
  },
  "babble": {
    "babble_snr-10.0": {
      "baseline": {
        "wer_metrics": {
          "wer": 98.0292883498646,
          "mer": 89.04428811268367,
          "wil": 98.48933391434655
        },
        "num_samples": 24980,
        "all_runs_wer": [
          98.13668408011722,
          98.03235679930039,
          97.91882417017621
        ]
      },
      "vision": {
        "wer_metrics": {
          "wer": 95.52568931438054,
          "mer": 88.7104652672283,
          "wil": 98.3494847879694
        },
        "num_samples": 24980,
        "all_runs_wer": [
          95.6911298797935,
          95.52658427879932,
          95.35935378454883
        ]
      }
    },